{"count":1,"self":69.4787456,"total":70.6445956,"children":{"InitializeActuators":{"count":24,"self":0.0068690999999999995,"total":0.0068690999999999995,"children":null},"InitializeSensors":{"count":24,"self":0.0020908999999999997,"total":0.0020908999999999997,"children":null},"AgentSendState":{"count":2492,"self":0.128275,"total":0.2450538,"children":{"CollectObservations":{"count":5988,"self":0.0476604,"total":0.0476604,"children":null},"WriteActionMask":{"count":5988,"self":0.020466099999999997,"total":0.020466099999999997,"children":null},"RequestDecision":{"count":5988,"self":0.048652299999999996,"total":0.048652299999999996,"children":null}}},"DecideAction":{"count":2492,"self":0.6113116,"total":0.6113116,"children":null},"AgentAct":{"count":2492,"self":0.30052209999999996,"total":0.30052209999999996,"children":null}},"gauges":{},"metadata":{"timer_format_version":"0.1.0","start_time_seconds":"1726146222","unity_version":"2022.3.30f1","command_line_arguments":"C:\\Users\\colon\\Downloads\\Unity\\2022.3.30f1\\Editor\\Unity.exe -projectpath C:\\Users\\colon\\Downloads\\University\\Computer Science\\Project 2-1\\CS Project 2-1 -useHub -hubIPC -cloudEnvironment production","communication_protocol_version":"1.5.0","com.unity.ml-agents_version":"3.0.0-exp.1","scene_name":"3DBall","end_time_seconds":"1726146293"}}